t,pkt_rate,byte_rate,dport_entropy,label,mu_rolling_pkt_rate,sigma_rolling_pkt_rate,z_score_pkt_rate,fire_pkt_rate
0.0,80704364.11521181,2076351610.7851806,2.7265368444483036,0,,,,0
60.0,66059230.83530517,1799716690.3752763,3.267110235657519,0,,,,0
120.0,35134150.375594094,1804826571.8160148,4.276630622982457,0,73381797.4752585,7322566.639953234,,0
180.0,60996915.162276804,1935700633.9487805,2.8528144706289487,0,60632581.77537036,18995569.397158183,,0
240.0,42118530.96640718,1178013298.6118903,3.405443660298415,0,60723665.12209697,16451402.100424223,,0
300.0,41196209.544146374,1745886520.6473742,3.285098326512269,0,57002638.290959015,16489483.544613155,,0
360.0,42097760.10336778,2138048413.9220676,2.930693398435135,0,49101007.376745924,12127719.20022984,,0
420.0,39424571.308005944,1030815872.0321999,2.8628422052224494,0,44308713.230358444,8741185.029185303,,0
480.0,39851825.2288459,2762641268.9241405,3.015551980227412,0,45166797.416840814,7975490.89346195,,0
540.0,31612593.57311312,1121127070.2874517,3.4891091490378177,0,40937779.43015464,1120322.3486734745,,0
600.0,60617840.47090405,1495410122.937565,2.6630937526577494,0,38836591.95149582,3735387.096415343,5.831055244665423,1
660.0,70062477.98768705,1769317055.03409,2.809458333317445,0,42720918.136847354,9624766.242459813,2.8407505348256628,0
720.0,61521046.94553505,2426766361.2853837,3.513051180790478,0,48313861.71371121,14518595.703320725,0.9096737385422933,0
780.0,26340978.949716154,2278951418.154342,3.6703443214803273,0,52733156.841217026,14503154.944309015,-1.8197542529776989,0
840.0,5142344.200755912,279924996.8349384,4.024433998326795,0,50030987.58539108,17583044.52025459,-2.5529505617145087,0
900.0,19993766.998557333,471736905.43452287,2.784991042145274,0,44736937.71091964,24825130.491341844,-0.9966985156832058,0
960.0,21892703.06052336,1219838161.086346,2.063008548797771,0,36612123.0164503,24945516.12972741,-0.5900627543394824,0
1020.0,20860828.156086065,1259233129.3881238,3.7301582494141927,0,26978168.03101756,18681881.638223305,-0.32744773751351475,0
1080.0,21692332.117407225,3431634872.8828135,2.804350730126344,0,18846124.27312776,7191998.23086969,0.39574646056820395,0
1140.0,9807971.343193633,149832569.39085105,3.104511843890691,0,17916394.906665973,6422308.957991914,-1.2625402509454526,0
1200.0,12978038.433930881,3342295144.686281,3.0878055196872864,0,18849520.33515352,4570488.1069876375,-1.2846509527605954,0
1260.0,38018662.37899054,1422437945.480567,2.6577713509783956,0,17446374.622228228,5055051.285827845,4.06964966200007,1
1320.0,9164274.179401876,990931411.7881955,3.75402671722908,0,20671566.485921662,9789868.147114316,-1.1754287323993942,0
1380.0,52700560.80056365,2757278832.4215164,2.610419640104067,0,18332255.690584827,10809511.302102573,3.179450407095999,1
1440.0,22910365.136764556,236034408.49265593,4.314755412750218,0,24533901.427216105,17673799.287513375,-0.09186119317302563,0
1500.0,13231999.41773281,1635283896.7244103,1.794395244967121,0,27154380.185930293,16206567.896375064,-0.8590579360921637,0
1560.0,48640481.87875111,2192397915.5580826,2.197484783723706,1,27205172.38269068,16162396.706231466,1.3262457224426358,0
1620.0,28641781.44178391,2113234607.790035,2.537520182386747,1,29329536.282642793,18033810.76668341,-0.0381369667097471,0
1680.0,49485201.75770561,1495930133.760948,3.1164343707921645,1,33225037.7351192,15126481.461597228,1.0749468780209954,0
1740.0,59977385.443644404,2981028698.2903233,2.91914829249648,1,32581965.926547587,14332351.067805188,1.911439329632055,0
1800.0,76696104.11818963,2442947122.845185,3.2590210588731336,1,39995369.987923555,16788435.218618516,2.1860723559015587,0
1860.0,35783313.5808508,2151756706.4138145,2.6236765214463498,1,52688190.92801493,15712320.960225863,-1.075899441588362,0
1920.0,40695973.98940671,1833576652.3377943,2.4442590473221575,1,50116757.26843487,17150596.04814264,-0.5492977184340131,0
1980.0,35121008.31912366,2345664927.2073793,2.49578748713059,1,52527595.77795943,14623478.26799746,-1.1903178669146697,0
2040.0,24599544.6601289,2960920219.4525256,2.807496537582677,1,49654757.09024305,16258522.062182559,-1.5410510459860776,0
2100.0,29300520.736993566,1839043156.209638,2.94842640178031,1,42579188.93353995,17847052.352292415,-0.7440258444045393,0
2160.0,7296717.436880074,354641954.830752,3.647475480215351,1,33100072.257300735,5579914.889600782,-4.624327670034906,0
2220.0,41946077.715350926,1815828819.1837578,3.460556606309817,1,27402753.02850659,11419223.746736242,1.2735826015320002,0
2280.0,57747854.61618238,2200838191.105039,3.3778916249306894,1,27652773.77369543,11717332.22586662,2.5684243019115303,0
2340.0,27979059.168769475,1279055275.620322,3.183448100090015,1,32178143.03310718,16935311.6385664,-0.24794842598439268,0
2400.0,24993299.580638237,2207688416.780168,3.659177497579503,1,32854045.934835296,16684944.290076746,-0.4711281151158642,0
2460.0,38084111.203630626,2367323540.7720056,3.5217208469355685,1,31992601.703564227,16955177.326764822,0.3592713530899241,0
2520.0,41365814.8885238,1908047240.266989,3.2963193828438655,1,38150080.456914335,11619270.684482321,0.27675871566570176,0
2580.0,150522299.03117773,3567408863.0134144,3.6743386437559367,1,38034027.89154891,11583620.05553784,9.71097727655967,1
2640.0,45964844.47733202,2617482323.2412534,3.457822170859209,1,56588916.77454797,47359176.38748982,-0.2243297520693869,0
2700.0,56905478.8677036,1581822959.6007102,3.5605602979950195,1,60186073.836260475,45703626.127096914,-0.07177975243001262,0
2760.0,41715381.12399864,1118746237.9349911,3.203359235367545,1,66568509.69367355,42456237.968048565,-0.5853822608677366,0
2820.0,19705814.63232994,302522469.0060178,3.794462617036296,0,67294763.67774716,41991286.072498806,-1.1333053472869095,0
2880.0,21812582.285282515,1354479179.7205908,3.0927054731645662,0,62962763.62650838,45420055.24837162,-0.9059914418025979,0
2940.0,29742439.163155586,2697369901.572275,3.4802231952813134,0,37220820.27732933,14341088.11072691,-0.5214653906616776,0
3000.0,36865507.005770974,1885111803.2233691,2.8158933477549932,0,33976339.21449404,13821497.59643491,0.2090343518217706,0
3060.0,19734074.31139843,1329191563.6103709,3.1958601644236047,0,29968344.842107523,8455184.561978903,-1.2104136173124294,0
3120.0,45029585.14668314,733966176.2430519,3.4150108453803423,0,25572083.479587484,6746296.642386436,2.884175229539381,0
3180.0,59508117.171981886,1364645469.188537,2.289052865164166,0,30636837.582458127,9417910.407934155,3.0655716967960362,1
3240.0,17615367.663219154,808889801.9578569,5.716614967160039,0,38175944.559797995,13527585.266907182,-1.5199000036522865,0
3300.0,44806236.65254478,2672830718.219397,4.09249721174113,0,35750530.25981071,15730085.51902527,0.5756933986011297,0
3360.0,27144457.950081628,935468015.8190031,4.22388818121256,0,37338676.18916547,16157534.216841264,-0.6309266068864793,0
3420.0,15949475.617935412,1359114626.664744,2.2281498441615155,0,38820752.91690211,14753622.476794496,-1.550214351420487,0
3480.0,22611359.797801696,1305664030.9344993,4.127026696310262,0,33004731.011152565,16755668.023249613,-0.6202898743833651,0
3540.0,36992241.033294715,1612844814.9861927,2.624602542217079,0,25625379.53631653,10364174.841919592,1.0967454399749283,0
3600.0,34514995.21704645,508984580.0298755,3.237275249352238,0,29500754.21033164,10266773.656156361,0.4883950084657871,0
3660.0,36235739.992199436,1763790166.5141935,2.7214337042159977,0,27442505.92323197,7703714.643748349,1.1414278014702004,0
3720.0,22213394.97280951,435230661.26641893,3.7094662027257264,0,29260762.331655532,8455033.38284359,-0.8335114765065373,0
3780.0,33363683.41282382,1215269457.7368932,4.032472354590694,0,30513546.202630352,6664317.566019654,0.4276712779603848,0
3840.0,10412206.167419324,898172616.1992029,4.102398582153061,0,32664010.92563478,5378138.760196272,-4.1374545638170535,0
3900.0,41540725.16997231,1030131472.6888478,2.9237009554184055,0,27348003.9524597,9795217.925684802,1.4489438953978522,0
3960.0,13351889.832562216,211670740.89385968,2.5085573514514214,0,28753149.94304487,11134871.948571002,-1.3831555658311079,0
4020.0,16211152.364536716,1444300906.4381857,4.7651131526904935,0,24176379.911117427,11801715.181079894,-0.6749211808932901,0
4080.0,15020055.580449527,297993760.70177823,3.614499618131541,0,22975931.389462866,12237553.373217458,-0.6501198047009298,0
4140.0,5266465.171732371,1217666940.2319784,3.155068608309615,0,19307205.82298801,11286109.995838266,-1.2440726394154533,0
4200.0,29215675.995314144,1053170798.004617,1.9526480766277108,0,18278057.623850618,12244239.81531822,0.8932868464222632,0
4260.0,52655525.92003703,1080962607.9773438,2.8244787676056324,0,15813047.788918983,7716287.580462052,4.774637770681936,1
4320.0,36414613.224866435,522861188.5594038,3.370708042998058,0,23673775.006413948,16371079.405698374,0.7782527897346654,0
4380.0,38746509.75113793,717530672.2183304,2.985065931650674,0,27714467.1784799,16523095.716028225,0.667674070419891,0
4440.0,30486501.08288813,471025090.87926364,4.629605108805149,0,32459758.012617577,15575830.072308362,-0.1266871120555957,0
4500.0,31409170.984581187,1758265056.975055,2.4781150420954967,0,37503765.19484873,8369479.521639532,-0.7281927382114735,0
4560.0,25280038.801911056,2008525476.2511837,3.554958338916958,0,37942464.19270213,7971578.37909805,-1.588446451708071,0
4620.0,16761145.177518647,376135035.20660067,3.64609317493325,0,32467366.769076936,4726725.751819435,-3.3228544274041227,0
4680.0,23623059.427053124,685667055.2474806,3.280435748892193,0,28536673.159607373,7287833.182878597,-0.6742214879585701,0
4740.0,2897863.7060795403,96265097.82454456,3.0274306341546176,0,25511983.094790414,5286239.6701872945,-4.277921698527461,0
4800.0,28795239.419919766,418357004.56946456,2.8816571495593624,0,19994255.619428698,9738045.320334693,0.9037731403973976,0
4860.0,16569119.892330727,175682629.52605227,2.8426606549054805,0,19471469.306496415,9164476.294065328,-0.3166956104240428,0
4920.0,15421247.56729234,654742954.5605435,2.5148287474850064,0,17729285.52458035,8711443.733519917,-0.264943220422481,0
4980.0,45393355.96662297,959594138.5995984,2.7898725598990475,0,17461306.002535082,8757590.284672074,3.1894675425699934,1
5040.0,8672724.589570312,98295171.3915657,2.883817862984014,0,21815365.310449053,14359108.507275056,-0.9152824992039031,0
5100.0,48860335.61802977,2369976292.548354,2.9704953019025133,0,22970337.487147205,12954592.391430441,1.9985189304766542,0
5160.0,34423674.61428279,485322082.13881075,3.429138197775837,0,26983356.72676921,16702983.10927327,0.4454484470730749,0
5220.0,27287071.08723986,699854243.061296,3.465700406595161,0,30554267.671159618,15988078.060248416,-0.2043520535493928,0
5280.0,40571888.55156833,2038847769.3218493,2.5831807009887866,0,32927432.375149123,14363842.959289147,0.5322013195274813,0
5340.0,38022119.34557556,597090282.0396022,3.563376133422371,0,31963138.892138194,13638101.571945012,0.44426861183533933,0
5400.0,38584384.648315415,758259043.0024931,3.2747502766271657,0,37833017.84333925,7099007.3063007025,0.10584110884197738,0
5460.0,37957087.82423031,383022595.3305784,4.250751790183534,0,35777827.649396375,4686647.091040113,0.4649934446739605,0
5520.0,11105252.577916536,199656161.9244665,4.650683021925448,0,36484510.291385874,4695567.004408306,-5.404939954992168,0
