t,pkt_rate,byte_rate,dport_entropy,label,mu_rolling_byte_rate,sigma_rolling_byte_rate,z_score_byte_rate,fire_byte_rate
0.0,80704364.11521181,2076351610.7851806,2.7265368444483036,0,,,,0
60.0,66059230.83530517,1799716690.3752763,3.267110235657519,0,,,,0
120.0,35134150.375594094,1804826571.8160148,4.276630622982457,0,1938034150.5802283,138317460.2049541,,0
180.0,60996915.162276804,1935700633.9487805,2.8528144706289487,0,1893631624.3254902,129219381.44349016,,0
240.0,42118530.96640718,1178013298.6118903,3.405443660298415,0,1904148876.7313128,113380219.615163,,0
300.0,41196209.544146374,1745886520.6473742,3.285098326512269,0,1758921761.1074283,307648695.44615054,,0
360.0,42097760.10336778,2138048413.9220676,2.930693398435135,0,1692828743.0798671,264879358.16746545,,0
420.0,39424571.308005944,1030815872.0321999,2.8628422052224494,0,1760495087.7892253,320844891.7817534,,0
480.0,39851825.2288459,2762641268.9241405,3.015551980227412,0,1605692947.8324623,430198834.8817392,,0
540.0,31612593.57311312,1121127070.2874517,3.4891091490378177,0,1771081074.8275344,635328791.9958203,,0
600.0,60617840.47090405,1495410122.937565,2.6630937526577494,0,1759703829.1626468,646262637.312736,-0.408957118926227,0
660.0,70062477.98768705,1769317055.03409,2.809458333317445,0,1709608549.620685,655040386.832096,0.09115240313985372,0
720.0,61521046.94553505,2426766361.2853837,3.513051180790478,0,1635862277.8430896,622607640.0424824,1.2703089916923094,0
780.0,26340978.949716154,2278951418.154342,3.6703443214803273,0,1915052375.6937263,601317541.6580038,0.605169510700191,0
840.0,5142344.200755912,279924996.8349384,4.024433998326795,0,1818314405.5397668,484796521.5132591,-3.173268248507335,0
900.0,19993766.998557333,471736905.43452287,2.784991042145274,0,1650073990.849264,763437743.7695348,-1.5434619194966803,0
960.0,21892703.06052336,1219838161.086346,2.063008548797771,0,1445339347.3486557,902126592.7395421,-0.2499662332062696,0
1020.0,20860828.156086065,1259233129.3881238,3.7301582494141927,0,1335443568.5591068,889344226.4487998,-0.08569284749876381,0
1080.0,21692332.117407225,3431634872.8828135,2.804350730126344,0,1101936922.1796546,706662803.4907365,3.2967604056631212,1
1140.0,9807971.343193633,149832569.39085105,3.104511843890691,0,1332473613.1253486,1120112063.8223605,-1.055823860782963,0
1200.0,12978038.433930881,3342295144.686281,3.0878055196872864,0,1306455127.6365314,1145482572.3979254,1.7772771634473423,0
1260.0,38018662.37899054,1422437945.480567,2.6577713509783956,0,1880566775.4868832,1293098663.04893,-0.35428760627291817,0
1320.0,9164274.179401876,990931411.7881955,3.75402671722908,0,1921086732.3657272,1274804388.944644,-0.7296455273013043,0
1380.0,52700560.80056365,2757278832.4215164,2.610419640104067,0,1867426388.8457413,1306780219.979893,0.6809503464855529,0
1440.0,22910365.136764556,236034408.49265593,4.314755412750218,0,1732555180.753482,1165547999.234384,-1.2839632286648417,0
1500.0,13231999.41773281,1635283896.7244103,1.794395244967121,0,1749795548.573843,1142417445.4614272,-0.10023625978784048,0
1560.0,48640481.87875111,2192397915.5580826,2.197484783723706,1,1408393298.981469,827027033.7939866,0.9479794305876466,0
1620.0,28641781.44178391,2113234607.790035,2.537520182386747,1,1562385292.996972,884959534.5262067,0.6224570653255675,0
1680.0,49485201.75770561,1495930133.760948,3.1164343707921645,1,1786845932.19734,853314645.9838163,-0.3409244172775039,0
1740.0,59977385.443644404,2981028698.2903233,2.91914829249648,1,1534576192.4652264,702199587.762947,2.059888001975586,0
1800.0,76696104.11818963,2442947122.845185,3.2590210588731336,1,2083575050.4247596,522386190.84982467,0.6879432854758163,0
1860.0,35783313.5808508,2151756706.4138145,2.6236765214463498,1,2245107695.6489143,482111193.09494346,-0.19362958290975818,0
1920.0,40695973.98940671,1833576652.3377943,2.4442590473221575,1,2236979453.8200607,483272543.65108603,-0.8347314714686459,0
1980.0,35121008.31912366,2345664927.2073793,2.49578748713059,1,2181047862.729613,509811941.04299754,0.3228976240552253,0
2040.0,24599544.6601289,2960920219.4525256,2.807496537582677,1,2350994821.4188986,377582761.17470235,1.615342279229276,0
2100.0,29300520.736993566,1839043156.209638,2.94842640178031,1,2346973125.6513395,370898676.90736395,-1.3694574854699806,0
2160.0,7296717.436880074,354641954.830752,3.647475480215351,1,2226192332.32423,415613038.3407677,-4.50310795100457,0
2220.0,41946077.715350926,1815828819.1837578,3.460556606309817,1,1866769382.0076175,861963671.5330915,-0.05909827119889709,0
2280.0,57747854.61618238,2200838191.105039,3.3778916249306894,1,1863219815.3768106,862129577.469138,0.39160978181416634,0
2340.0,27979059.168769475,1279055275.620322,3.183448100090015,1,1834254468.1563423,847747010.2262493,-0.6549114132385404,0
2400.0,24993299.580638237,2207688416.780168,3.659177497579503,1,1497881479.3899014,642885908.5604908,1.1040947202896718,0
2460.0,38084111.203630626,2367323540.7720056,3.5217208469355685,1,1571610531.5040073,696672977.8220071,1.1421614367125559,0
2520.0,41365814.8885238,1908047240.266989,3.2963193828438655,1,1974146848.6922581,392105963.57814324,-0.16857588143286698,0
2580.0,150522299.03117773,3567408863.0134144,3.6743386437559367,1,1992590532.9089043,386351949.8324874,4.076123676319771,1
2640.0,45964844.47733202,2617482323.2412534,3.457822170859209,1,2265904667.2905793,749602794.9683468,0.46901860333314255,0
2700.0,56905478.8677036,1581822959.6007102,3.5605602979950195,1,2533590076.8147655,565858548.594071,-1.6819876974180394,0
2760.0,41715381.12399864,1118746237.9349911,3.203359235367545,1,2408416985.378874,681511074.6544774,-1.8923694645721483,0
2820.0,19705814.63232994,302522469.0060178,3.794462617036296,0,2158701524.811471,856978370.062437,-2.1659578825428434,0
2880.0,21812582.285282515,1354479179.7205908,3.0927054731645662,0,1837596570.559277,1143598775.130347,-0.4224535749293896,0
2940.0,29742439.163155586,2697369901.572275,3.4802231952813134,0,1395010633.9007123,748442527.1139791,1.7400925528557367,0
3000.0,36865507.005770974,1885111803.2233691,2.8158933477549932,0,1410988149.5669167,774758969.9745809,0.6119627807239302,0
3060.0,19734074.31139843,1329191563.6103709,3.1958601644236047,0,1471645918.2914486,797304106.3338926,-0.17867003762980888,0
3120.0,45029585.14668314,733966176.2430519,3.4150108453803423,0,1513734983.4265246,782990012.9167194,-0.9958860193870834,0
3180.0,59508117.171981886,1364645469.188537,2.289052865164166,0,1600023724.8739314,658656466.5591958,-0.35736118543708284,0
3240.0,17615367.663219154,808889801.9578569,5.716614967160039,0,1602056982.7675204,657910606.9380333,-1.2055850330505002,0
3300.0,44806236.65254478,2672830718.219397,4.09249721174113,0,1224360962.844637,419610343.7459274,3.451940060495276,1
3360.0,27144457.950081628,935468015.8190031,4.22388818121256,0,1381904745.8438423,695375717.7610664,-0.6420079370361856,0
3420.0,15949475.617935412,1359114626.664744,2.2281498441615155,0,1303160036.2855687,718785137.8785738,0.07784605917746137,0
3480.0,22611359.797801696,1305664030.9344993,4.127026696310262,0,1428189726.3699074,660945916.2498956,-0.18537930626850663,0
3540.0,36992241.033294715,1612844814.9861927,2.624602542217079,0,1416393438.7191,662499272.8217236,0.2965307047513653,0
3600.0,34514995.21704645,508984580.0298755,3.237275249352238,0,1577184441.3247669,589031437.9404523,-1.8134853124815389,0
3660.0,36235739.992199436,1763790166.5141935,2.7214337042159977,0,1144415213.6868625,384435776.7057607,1.6111272424610679,0
3720.0,22213394.97280951,435230661.26641893,3.7094662027257264,0,1310079643.8259006,433980924.8534719,-2.0158696672091363,0
3780.0,33363683.41282382,1215269457.7368932,4.032472354590694,0,1125302850.7462356,553884683.3272612,0.1624284073901734,0
3840.0,10412206.167419324,898172616.1992029,4.102398582153061,0,1107223936.1067142,549157684.3502234,-0.38067630821713055,0
3900.0,41540725.16997231,1030131472.6888478,2.9237009554184055,0,964289496.3493162,488624502.5081957,0.13474964108748758,0
3960.0,13351889.832562216,211670740.89385968,2.5085573514514214,0,1068518874.8811105,432777842.43995917,-1.9798798597368683,0
4020.0,16211152.364536716,1444300906.4381857,4.7651131526904935,0,758094989.7570438,375620797.6152625,1.8268581533230295,0
4080.0,15020055.580449527,297993760.70177823,3.614499618131541,0,959909038.7913971,416760735.0852365,-1.5882381001037515,0
4140.0,5266465.171732371,1217666940.2319784,3.155068608309615,0,776453899.3843741,463269144.7688094,0.9523903023323256,0
4200.0,29215675.995314144,1053170798.004617,1.9526480766277108,0,840352764.1909292,496493641.29809964,0.4286420129314602,0
4260.0,52655525.92003703,1080962607.9773438,2.8244787676056324,0,844960629.254083,498337049.48803777,0.4735790344420816,0
4320.0,36414613.224866435,522861188.5594038,3.370708042998058,0,1018819002.6707798,386058611.0135889,-1.284669736569919,0
4380.0,38746509.75113793,717530672.2183304,2.985065931650674,0,834531059.0950234,357864591.1225086,-0.3269403840980736,0
4440.0,30486501.08288813,471025090.87926364,4.629605108805149,0,918438441.3983338,257274134.66324404,-1.7390529798291094,0
4500.0,31409170.984581187,1758265056.975055,2.4781150420954967,0,769110071.5277908,256942057.00939664,3.849720037895897,1
4560.0,25280038.801911056,2008525476.2511837,3.554958338916958,0,910128923.3218784,475058229.98936033,2.3121303528493877,0
4620.0,16761145.177518647,376135035.20660067,3.64609317493325,0,1095641496.9766464,653240824.5290643,-1.1014413593773074,0
4680.0,23623059.427053124,685667055.2474806,3.280435748892193,0,1066296266.3060858,681017536.9489121,-0.558912495504736,0
4740.0,2897863.7060795403,96265097.82454456,3.0274306341546176,0,1059923542.9119158,684392069.9181478,-1.408050279136962,0
4800.0,28795239.419919766,418357004.56946456,2.8816571495593624,0,984971544.300972,761013761.8121127,-0.7445522908577826,0
4860.0,16569119.892330727,175682629.52605227,2.8426606549054805,0,716989933.819854,672266047.1045926,-0.8051980411998764,0
4920.0,15421247.56729234,654742954.5605435,2.5148287474850064,0,350421364.4748277,206298400.67645115,1.4751524446522477,0
4980.0,45393355.96662297,959594138.5995984,2.7898725598990475,0,406142948.3456162,240508259.0651548,2.3011733252122943,0
5040.0,8672724.589570312,98295171.3915657,2.883817862984014,0,460928365.01603985,316982143.86563253,-1.144017732993165,0
5100.0,48860335.61802977,2369976292.548354,2.9704953019025133,0,461334379.72944415,316515752.55839455,6.030164051524675,1
5160.0,34423674.61428279,485322082.13881075,3.429138197775837,0,851658237.325222,822218272.192874,-0.4455461129675272,0
5220.0,27287071.08723986,699854243.061296,3.465700406595161,0,913586127.8477738,779525275.2507275,-0.2741821100255316,0
5280.0,40571888.55156833,2038847769.3218493,2.5831807009887866,0,922608385.5479244,776733261.5924916,1.437094867658124,0
5340.0,38022119.34557556,597090282.0396022,3.563376133422371,0,1138459111.6923747,897578691.1902832,-0.6031435850319272,0
5400.0,38584384.648315415,758259043.0024931,3.2747502766271657,0,1238218133.8219821,798701121.6882744,-0.6009245233122542,0
5460.0,37957087.82423031,383022595.3305784,4.250751790183534,0,915874683.91281,569135328.2744563,-0.9362484845173279,0
5520.0,11105252.577916536,199656161.9244665,4.650683021925448,0,895414786.5511634,585839206.2438649,-1.1876272827276029,0
